dma_code,dma_name,geo_code,nielsen_name,n_counties,total_pop,pct_hisp,pct_white_nh,pct_black_nh,pct_asian_nh
500,Portland-Auburn ME,US-ME-500,PORTLAND-AUBURN,11,1067354,2.46,90.98,2.74,1.54
501,New York NY,US-NY-501,NEW YORK,31,22074238,25.78,44.9,15.14,12.17
502,Binghamton NY,US-NY-502,BINGHAMTON,4,333938,4.91,84.63,4.17,3.76
503,Macon GA,US-GA-503,MACON,23,688656,5.53,49.52,40.8,1.85
504,Philadelphia PA,US-PA-504,PHILADELPHIA,18,8485373,14.63,58.08,18.15,6.74
505,Detroit MI,US-MI-505,DETROIT,9,4970791,5.52,65.3,20.3,5.98
506,Boston MA-Manchester NH,US-MA-506,BOSTON,16,6952359,12.21,70.13,7.06,8.32
507,Savannah GA,US-GA-507,SAVANNAH,20,1047072,10.0,57.09,28.28,2.01
508,Pittsburgh PA,US-PA-508,PITTSBURGH,16,2810907,2.61,84.63,7.6,2.85
509,Ft. Wayne IN,US-IN-509,FORT WAYNE,12,762092,7.45,80.12,6.43,3.42
510,Cleveland-Akron (Canton) OH,US-OH-510,CLEVELAND-AKRON,17,3837267,5.46,74.98,14.38,2.58
511,Washington DC (Hagerstown MD),US-DC-511,"WASHINGTON, DC-HAGRSTWN",40,7359679,17.35,45.65,23.12,10.41
512,Baltimore MD,US-MD-512,BALTIMORE,11,3057378,8.68,53.73,28.32,6.22
513,Flint-Saginaw-Bay City MI,US-MI-513,FLINT-SAGINAW-BAY CITY,13,1122057,5.34,79.49,10.98,1.16
514,Buffalo NY,US-NY-514,BUFFALO,10,1599400,5.99,78.14,9.25,3.71
515,Cincinnati OH,US-OH-515,CINCINNATI,24,2493149,4.82,77.28,11.96,3.32
516,Erie PA,US-PA-516,ERIE,3,387212,4.03,86.03,5.6,1.95
517,Charlotte NC,US-NC-517,CHARLOTTE,22,3612473,12.38,60.15,20.32,4.62
518,Greensboro-High Point-Winston Salem NC,US-NC-518,GREENSBORO-HIGH POINT-WINSTON SALEM,15,1904096,12.17,60.96,21.3,3.03
519,Charleston SC,US-SC-519,"CHARLESTON, SC",6,1005099,7.67,62.65,25.05,2.07
520,Augusta GA,US-GA-520,AUGUSTA,18,754081,6.51,51.22,37.32,2.06
521,Providence RI-New Bedford MA,US-RI-521,PROVIDENCE-NEW BEDFORD,6,1700901,16.07,70.99,6.78,3.45
522,Columbus GA,US-GA-522,"COLUMBUS, GA",16,617374,7.11,50.46,36.92,2.83
523,Burlington VT-Plattsburgh NY,US-VT-523,BURLINGTON-PLATTSBURGH,17,864585,2.81,90.4,1.83,2.27
524,Atlanta GA,US-GA-524,ATLANTA,55,7615856,13.08,46.62,31.33,6.56
525,Albany GA,US-GA-525,"ALBANY, GA",17,406165,9.43,48.89,38.72,1.07
526,Utica NY,US-NY-526,UTICA,3,348456,6.43,82.85,4.89,3.56
527,Indianapolis IN,US-IN-527,INDIANAPOLIS,32,3127476,8.36,72.39,12.69,3.99
528,Miami-Ft. Lauderdale FL,US-FL-528,MIAMI-FORT LAUDERDALE,3,4956841,54.82,21.68,19.53,2.62
529,Louisville KY,US-KY-529,LOUISVILLE,29,1842974,7.46,75.0,12.45,2.38
530,Tallahassee FL-Thomasville GA,US-FL-530,TALLAHASSEE-THOMASVILLE,19,784665,8.6,55.39,31.2,2.26
531,Tri-Cities TN-VA,US-TN-531,"TRI-CITIES, TN-VA",19,797427,3.14,91.46,2.7,0.82
532,Albany-Schenectady-Troy NY,US-NY-532,ALBANY-SCHENECTADY-TROY,14,1418382,6.48,80.13,6.65,4.05
533,Hartford & New Haven CT,US-CT-533,HARTFORD-NEW HAVEN,8,2690669,17.61,64.05,10.9,5.03
534,Orlando-Daytona Beach-Melbourne FL,US-FL-534,ORLANDO-DAYTONA BEACH-MELBOURNE,9,4922074,26.95,53.12,13.65,3.91
535,Columbus OH,US-OH-535,"COLUMBUS, OH",22,2724363,5.46,71.97,14.57,5.0
536,Youngstown OH,US-OH-536,YOUNGSTOWN,4,634049,4.12,83.38,9.26,0.77
537,Bangor ME,US-ME-537,BANGOR,6,354556,2.22,92.65,1.05,1.09
538,Rochester NY,US-NY-538,"ROCHESTER, NY",5,1041919,8.97,74.02,11.21,3.24
539,Tampa-St. Petersburg (Sarasota) FL,US-FL-539,TAMPA-ST PETERSBURG-SARASOTA,10,5518414,22.73,60.18,11.2,3.53
540,Traverse City-Cadillac MI,US-MI-540,TRAVERSE CITY-CADILLAC,25,630333,3.05,89.84,1.71,0.7
541,Lexington KY,US-KY-541,LEXINGTON,40,1347032,5.24,84.23,6.34,1.88
542,Dayton OH,US-OH-542,DAYTON,11,1290990,3.7,79.22,11.82,2.09
543,Springfield-Holyoke MA,US-MA-543,SPRINGFIELD-HOLYOKE,3,700421,20.96,66.95,6.37,3.48
544,Norfolk-Portsmouth-Newport News VA,US-VA-544,NORFOLK-PORTSMOUTH-NEWPORT NEWS,28,2008708,8.32,53.59,30.14,4.04
545,Greenville-New Bern-Washington NC,US-NC-545,GREENVILLE-NEW BERN-WASHINGTON,15,818509,10.63,60.27,24.23,1.68
546,Columbia SC,US-SC-546,"COLUMBIA, SC",11,1144289,6.84,50.74,37.6,2.29
547,Toledo OH,US-OH-547,TOLEDO,12,1051574,8.02,78.49,9.35,1.45
548,West Palm Beach-Ft. Pierce FL,US-FL-548,WEST PALM BEACH-FT PIERCE,5,2352899,23.88,53.83,17.71,2.71
549,Watertown NY,US-NY-549,WATERTOWN,3,245908,5.12,86.91,3.59,1.42
550,Wilmington NC,US-NC-550,WILMINGTON,5,560353,7.58,75.14,13.27,1.11
551,Lansing MI,US-MI-551,LANSING,5,685794,6.65,77.21,8.27,4.17
552,Presque Isle ME,US-ME-552,PRESQUE ISLE,1,66776,1.97,92.9,1.04,0.56
553,Marquette MI,US-MI-553,MARQUETTE,11,218111,2.03,90.61,1.49,1.15
554,Wheeling WV-Steubenville OH,US-WV-554,WHEELING-STEUBENVILLE,10,297077,1.69,92.09,3.33,0.59
555,Syracuse NY,US-NY-555,SYRACUSE,7,913953,5.38,80.33,7.23,3.76
556,Richmond-Petersburg VA,US-VA-556,RICHMOND-PETERSBURG,32,1609504,8.49,55.93,28.54,4.07
557,Knoxville TN,US-TN-557,KNOXVILLE,22,1484773,6.09,85.79,4.31,1.51
558,Lima OH,US-OH-558,LIMA,3,180994,4.12,85.55,6.92,0.76
559,Bluefield-Beckley-Oak Hill WV,US-WV-559,BLUEFIELD-BECKLEY-OAK HILL,9,300346,1.71,90.46,5.11,0.54
560,Raleigh-Durham (Fayetteville) NC,US-NC-560,RALEIGH-DURHAM,22,3507985,13.17,53.08,25.07,5.35
561,Jacksonville FL,US-FL-561,JACKSONVILLE,15,2189985,11.34,61.2,20.53,3.97
563,Grand Rapids-Kalamazoo-Battle Creek MI,US-MI-563,GRAND RAPIDS-KALAMAZOO-BATTLE CREEK,14,2139253,9.19,77.92,7.39,2.42
564,Charleston-Huntington WV,US-WV-564,CHARLESTON-HUNTINGTON,32,1063890,1.43,93.14,2.7,0.69
565,Elmira NY,US-NY-565,ELMIRA,4,230949,2.83,90.22,2.92,1.4
566,Harrisburg-Lancaster-Lebanon-York PA,US-PA-566,HARRISBURG-LANCASTER-LEBANON-YORK,10,2131742,10.32,77.96,6.0,3.5
567,Greenville-Spartanburg SC-Asheville NC-Anderson SC,US-SC-567,GREENVILLE-SPARTANBURG-ASHEVILLE,28,2519222,8.87,73.68,13.03,1.79
569,Harrisonburg VA,US-VA-569,HARRISONBURG,6,273263,10.64,79.15,6.03,1.79
570,Myrtle Beach-Florence SC,US-SC-570,MYRTLE BEACH-FLORENCE,8,847830,6.79,57.96,25.26,1.28
571,Ft. Myers-Naples FL,US-FL-571,FORT MYERS-NAPLES,6,1585320,26.41,62.49,7.74,1.74
573,Roanoke-Lynchburg VA,US-VA-573,ROANOKE-LYNCHBURG,36,1144966,4.71,76.11,14.64,2.04
574,Johnstown-Altoona PA,US-PA-574,JOHNSTOWN-ALTOONA,10,729289,2.49,90.86,2.99,2.07
575,Chattanooga TN,US-TN-575,CHATTANOOGA,16,1032118,10.43,76.98,8.71,1.58
576,Salisbury MD,US-MD-576,SALISBURY,5,490179,9.47,68.7,17.24,1.82
577,Wilkes Barre-Scranton PA,US-PA-577,WILKES BARRE-SCRANTON,17,1512984,10.91,81.07,4.7,1.53
581,Terre Haute IN,US-IN-581,TERRE HAUTE,14,369153,3.1,89.9,3.81,1.07
582,Lafayette IN,US-IN-582,"LAFAYETTE, IN",3,208954,10.24,72.8,5.93,8.45
583,Alpena MI,US-MI-583,ALPENA,2,39527,1.89,94.45,0.77,0.52
584,Charlottesville VA,US-VA-584,CHARLOTTESVILLE,6,265808,7.33,73.75,11.15,4.55
588,South Bend-Elkhart IN,US-IN-588,SOUTH BEND-ELKHART,10,909576,11.69,75.67,8.01,1.84
592,Gainesville FL,US-FL-592,GAINESVILLE,4,377394,12.37,62.71,16.59,5.43
596,Zanesville OH,US-OH-596,ZANESVILLE,1,86582,1.43,90.62,3.8,0.55
597,Parkersburg WV,US-WV-597,PARKERSBURG,3,148447,1.49,94.16,1.36,0.76
598,Clarksburg-Weston WV,US-WV-598,CLARKSBURG-WESTON,12,256666,1.78,93.44,2.22,0.61
600,Corpus Christi TX,US-TX-600,CORPUS CHRISTI,12,590685,62.74,30.36,3.48,1.94
602,Chicago IL,US-IL-602,CHICAGO,16,9734724,24.22,50.21,15.78,7.88
603,Joplin MO-Pittsburg KS,US-MO-603,JOPLIN-PITTSBURG,14,405599,7.74,81.74,1.75,1.18
604,Columbia-Jefferson City MO,US-MO-604,COLUMBIA-JEFFERSON CITY,14,494811,3.72,83.12,7.21,2.76
605,Topeka KS,US-KS-605,TOPEKA,17,465058,11.8,76.17,5.58,1.99
606,Dothan AL,US-AL-606,DOTHAN,6,271635,6.46,66.39,22.6,1.24
609,St. Louis MO,US-MO-609,SAINT LOUIS,31,3190887,3.99,74.32,16.21,3.02
610,Rockford IL,US-IL-610,ROCKFORD,5,465080,15.84,68.91,10.25,2.29
611,Rochester MN-Mason City IA-Austin MN,US-MN-611,ROCHESTER-MASON CITY-AUSTIN,12,386181,7.02,81.31,4.65,4.44
612,Shreveport LA,US-LA-612,SHREVEPORT,25,961656,9.1,56.02,30.1,1.18
613,Minneapolis-St. Paul MN,US-MN-613,MINNEAPOLIS-SAINT PAUL,57,4962583,6.74,74.99,8.61,6.13
616,Kansas City MO,US-MO-616,KANSAS CITY,33,2669410,10.7,71.82,10.78,3.15
617,Milwaukee WI,US-WI-617,MILWAUKEE,10,2341097,12.51,68.5,12.46,3.97
618,Houston TX,US-TX-618,HOUSTON,20,8155036,38.68,33.21,17.67,8.5
619,Springfield MO,US-MO-619,"SPRINGFIELD, MO",31,1143661,5.15,87.99,2.11,1.37
622,New Orleans LA,US-LA-622,NEW ORLEANS,14,1733486,10.91,54.38,29.62,2.47
623,Dallas-Ft. Worth TX,US-TX-623,DALLAS-FORT WORTH,32,9081219,29.3,43.46,16.1,8.62
624,Sioux City IA,US-IA-624,SIOUX CITY,23,419752,14.63,76.38,2.83,1.99
625,Waco-Temple-Bryan TX,US-TX-625,WACO-TEMPLE-BRYAN,14,1174433,26.62,50.9,15.92,3.12
626,Victoria TX,US-TX-626,VICTORIA,1,91949,49.11,42.37,5.64,1.3
627,Wichita Falls TX & Lawton OK,US-TX-627,WICHITA FALLS-LAWTON,16,418293,17.66,64.38,8.98,1.83
628,Monroe LA-El Dorado AR,US-LA-628,MONROE-EL DORADO,18,451720,4.24,58.07,35.07,0.81
630,Birmingham AL,US-AL-630,BIRMINGHAM,21,1987882,5.76,64.64,26.23,1.47
631,Ottumwa IA-Kirksville MO,US-IA-631,OTTUMWA-KIRKSVILLE,10,127765,7.03,84.56,2.95,2.42
632,Paducah KY-Cape Girardeau MO-Harrisburg IL,US-KY-632,PADUCAH-CAPE GIRARDEAU-HARRISBURG,43,932344,3.62,85.27,7.34,1.16
633,Odessa-Midland TX,US-TX-633,ODESSA-MIDLAND,18,483383,57.7,33.89,4.96,1.68
634,Amarillo TX,US-TX-634,AMARILLO,34,545244,39.58,50.54,5.26,2.19
635,Austin TX,US-TX-635,AUSTIN,12,2718965,32.05,49.66,7.31,8.4
636,Harlingen-Weslaco-Brownsville-McAllen TX,US-TX-636,HARLINGEN-WESLACO-BROWNSVILLE,4,1433308,91.3,6.73,0.69,0.96
637,Cedar Rapids-Waterloo-Iowa City & Dubuque IA,US-IA-637,CEDAR RAPIDS-WATERLOO-DUBUQUE,21,926165,4.83,84.19,5.55,2.57
638,St. Joseph MO,US-MO-638,SAINT JOSEPH,4,119124,7.06,83.25,4.73,1.22
639,Jackson TN,US-TN-639,"JACKSON, TN",6,254614,4.35,71.0,21.44,0.82
640,Memphis TN,US-TN-640,MEMPHIS,28,1792473,7.03,45.59,43.33,2.15
641,San Antonio TX,US-TX-641,SAN ANTONIO,25,3083627,55.85,32.34,6.8,2.89
642,Lafayette LA,US-LA-642,"LAFAYETTE, LA",8,631294,5.57,63.79,26.97,1.56
643,Lake Charles LA,US-LA-643,LAKE CHARLES,4,270735,5.73,67.89,22.09,1.49
644,Alexandria LA,US-LA-644,"ALEXANDRIA, LA",4,232200,5.83,63.6,25.98,1.27
647,Greenwood-Greenville MS,US-MS-647,GREENWOOD-GREENVILLE,8,169264,2.74,31.87,63.64,0.66
648,Champaign & Springfield-Decatur IL,US-IL-648,CHAMPAIGN-SPRINGFIELD-DECATUR,20,930545,5.2,77.94,10.24,3.94
649,Evansville IN,US-IN-649,EVANSVILLE,21,738840,4.02,87.01,5.15,1.32
650,Oklahoma City OK,US-OK-650,OKLAHOMA CITY,34,2037878,15.13,63.0,8.47,3.02
651,Lubbock TX,US-TX-651,LUBBOCK,18,481655,42.75,47.43,6.08,1.93
652,Omaha NE,US-NE-652,OMAHA,24,1215377,13.58,73.55,6.77,3.18
656,Panama City FL,US-FL-656,PANAMA CITY,9,435831,8.62,74.38,11.83,1.61
657,Sherman TX-Ada OK,US-TX-657,SHERMAN-ADA,11,370133,12.45,67.45,4.56,1.26
658,Green Bay-Appleton WI,US-WI-658,GREEN BAY-APPLETON,16,1179888,6.57,84.97,2.03,2.8
659,Nashville TN,US-TN-659,NASHVILLE,49,3251493,9.66,72.22,12.68,2.66
661,San Angelo TX,US-TX-661,SAN ANGELO,11,151868,40.75,52.51,3.33,1.32
662,Abilene-Sweetwater TX,US-TX-662,ABILENE-SWEETWATER,17,326067,26.56,63.03,6.44,1.48
669,Madison WI,US-WI-669,MADISON,11,1068645,7.59,80.97,4.31,4.47
670,Ft. Smith-Fayetteville-Springdale-Rogers AR,US-AR-670,FORT SMITH-FAY-SPRNGDL,11,963369,15.99,70.15,3.04,3.47
671,Tulsa OK,US-OK-671,TULSA,22,1484734,11.41,60.69,6.7,2.69
673,Columbus-Tupelo-West Point MS,US-MS-673,COLUMBUS-TUPELO-WEST POINT,19,482813,3.15,63.33,30.82,1.01
675,Peoria-Bloomington IL,US-IL-675,PEORIA-BLOOMINGTON,10,622695,5.25,79.98,8.99,3.26
676,Duluth MN-Superior WI,US-MN-676,DULUTH-SUPERIOR,12,427441,2.14,89.26,1.25,0.92
678,Wichita-Hutchinson KS,US-KS-678,WICHITA-HUTCHINSON PLUS,65,1213970,17.64,70.98,5.06,2.73
679,Des Moines-Ames IA,US-IA-679,DES MOINES-AMES,35,1249887,8.63,80.62,4.58,3.93
682,Davenport IA-Rock Island-Moline IL,US-IA-682,DAVENPORT-ROCK ISLAND-MOLINE,17,752836,9.56,79.72,6.1,1.96
686,Mobile AL-Pensacola (Ft. Walton Beach) FL,US-AL-686,MOBILE-PENSACOLA,11,1550989,6.55,66.73,20.62,2.36
687,Minot-Bismarck-Dickinson(Williston) ND,US-ND-687,MINOT-BISMARCK-DICKINSON,40,429880,5.77,79.34,2.39,1.23
691,Huntsville-Decatur (Florence) AL,US-AL-691,HUNTSVILLE-DECATUR-FLORENCE,11,1155918,9.02,71.34,14.63,1.65
692,Beaumont-Port Arthur TX,US-TX-692,BEAUMONT-PORT ARTHUR,6,464108,17.81,55.03,22.54,2.59
693,Little Rock-Pine Bluff AR,US-AR-693,LITTLE ROCK-PINE BLUFF,37,1476328,7.05,68.88,19.99,1.37
698,Montgomery (Selma) AL,US-AL-698,MONTGOMERY,15,630527,3.85,47.44,44.83,1.97
702,La Crosse-Eau Claire WI,US-WI-702,LA CROSSE-EAU CLAIRE,14,581083,3.98,89.7,1.38,2.6
705,Wausau-Rhinelander WI,US-WI-705,WAUSAU-RHINELANDER,11,460305,3.62,89.4,0.98,3.08
709,Tyler-Longview(Lufkin & Nacogdoches) TX,US-TX-709,TYLER-LONGVIEW (LFKN&NCGD),13,793096,20.29,60.65,15.47,1.26
710,Hattiesburg-Laurel MS,US-MS-710,HATTIESBURG-LAUREL,8,299983,4.11,61.78,31.56,0.84
711,Meridian MS,US-MS-711,MERIDIAN,7,168000,2.14,51.7,40.21,0.74
716,Baton Rouge LA,US-LA-716,BATON ROUGE,13,949722,7.12,53.18,35.65,2.24
717,Quincy IL-Hannibal MO-Keokuk IA,US-IL-717,QUINCY-HANNIBAL-KEOKUK,15,246305,2.63,90.49,3.73,0.86
718,Jackson MS,US-MS-718,"JACKSON, MS",24,874386,3.4,45.71,48.22,1.22
722,Lincoln & Hastings-Kearney NE,US-NE-722,LINCOLN-HASTINGS-KEARNEY PLUS,53,763875,11.68,80.12,2.78,2.75
724,Fargo-Valley City ND,US-ND-724,FARGO-VALLEY CITY,35,671733,4.41,84.24,4.01,2.06
725,Sioux Falls(Mitchell) SD,US-SD-725,SIOUX FALLS (MITCHELL),57,744181,6.49,81.05,2.87,1.98
734,Jonesboro AR,US-AR-734,JONESBORO,6,230367,4.91,81.06,10.23,0.89
736,Bowling Green KY,US-KY-736,BOWLING GREEN,6,249212,6.01,79.71,7.3,4.11
737,Mankato MN,US-MN-737,MANKATO,5,161668,7.57,84.7,3.77,1.83
740,North Platte NE,US-NE-740,NORTH PLATTE,4,35023,9.46,86.13,1.17,0.74
743,Anchorage AK,US-AK-743,ANCHORAGE,3,468472,8.19,63.17,3.57,7.17
744,Honolulu HI,US-HI-744,HONOLULU,5,1446146,10.23,21.28,1.97,36.34
745,Fairbanks AK,US-AK-745,FAIRBANKS,1,94951,9.21,67.66,4.58,3.37
746,Biloxi-Gulfport MS,US-MS-746,BILOXI-GULFPORT,4,406181,7.22,65.14,22.39,2.47
747,Juneau AK,US-AK-747,JUNEAU,1,31572,7.4,62.75,1.31,7.51
749,Laredo TX,US-TX-749,LAREDO,2,286642,94.7,3.97,0.53,0.54
751,Denver CO,US-CO-751,DENVER,67,4786383,23.11,65.26,4.24,4.23
752,Colorado Springs-Pueblo CO,US-CO-752,COLORADO SPRINGS-PUEBLO,12,1058781,23.46,64.29,5.1,2.7
753,Phoenix AZ,US-AZ-753,PHOENIX,10,6040844,29.78,54.18,5.49,4.44
754,Butte-Bozeman MT,US-MT-754,BUTTE-BOZEMAN,7,213112,5.21,89.39,0.6,1.23
755,Great Falls MT,US-MT-755,GREAT FALLS,13,172104,4.46,77.09,0.96,0.87
756,Billings MT,US-MT-756,BILLINGS,18,305099,6.18,83.37,0.61,0.76
757,Boise ID,US-ID-757,BOISE,12,966144,16.36,76.66,1.23,2.36
758,Idaho Falls-Pocatello ID,US-ID-758,IDAHO FALLS-POCATELLO,14,448692,13.64,80.89,0.7,1.26
759,Cheyenne WY-Scottsbluff NE,US-WY-759,CHEYENNE-SCOTTSBLUFF,4,151251,17.73,76.37,1.57,1.2
760,Twin Falls ID,US-ID-760,TWIN FALLS,7,218238,26.92,69.13,0.68,1.0
762,Missoula MT,US-MT-762,MISSOULA,7,341355,4.52,87.21,0.42,1.18
764,Rapid City SD,US-SD-764,RAPID CITY,19,285458,5.25,79.25,1.12,1.14
765,El Paso TX,US-TX-765,EL PASO,4,1111012,79.78,14.17,3.25,1.3
766,Helena MT,US-MT-766,HELENA,2,83431,4.28,90.3,0.48,0.82
767,Casper-Riverton WY,US-WY-767,CASPER-RIVERTON,5,146184,9.2,81.15,0.83,0.72
770,Salt Lake City UT,US-UT-770,SALT LAKE CITY,39,3687639,16.86,74.58,1.32,2.86
771,Yuma AZ-El Centro CA,US-AZ-771,YUMA-EL CENTRO,2,402034,75.38,19.53,1.99,1.23
773,Grand Junction-Montrose CO,US-CO-773,GRAND JUNCTION-MONTROSE,2,206066,17.27,78.39,0.72,1.02
789,Tucson (Sierra Vista) AZ,US-AZ-789,TUCSON-SIERRA VISTA,3,1256430,38.71,49.58,3.76,3.34
790,Albuquerque-Santa Fe NM,US-NM-790,ALBUQUERQUE-SANTA FE,31,1971156,44.05,38.05,1.96,1.88
798,Glendive MT,US-MT-798,GLENDIVE,2,9843,4.0,90.67,0.51,0.65
800,Bakersfield CA,US-CA-800,BAKERSFIELD,1,922529,57.81,29.24,5.0,5.27
801,Eugene OR,US-OR-801,EUGENE,4,657876,9.93,80.13,1.05,3.37
802,Eureka CA,US-CA-802,EUREKA,2,159389,15.74,68.92,1.56,2.95
803,Los Angeles CA,US-CA-803,LOS ANGELES,6,18070090,47.32,28.15,6.4,15.08
804,Palm Springs CA,US-CA-804,PALM SPRINGS,1,455650,56.1,35.51,2.66,3.42
807,San Francisco-Oakland-San Jose CA,US-CA-807,SAN FRANCISCO-OAKLAND-SAN JOSE,10,7349852,24.73,35.04,5.1,30.47
810,Yakima-Pasco-Richland-Kennewick WA,US-WA-810,YAKIMA-PASCO-RCHLND-KNNWCK,6,768682,39.3,53.19,1.29,2.02
811,Reno NV,US-NV-811,RENO,14,785917,25.03,62.02,2.42,5.06
813,Medford-Klamath Falls OR,US-OR-813,MEDFORD-KLAMATH FALLS,6,453511,13.73,78.35,0.82,1.49
819,Seattle-Tacoma WA,US-WA-819,SEATTLE-TACOMA,17,5700406,12.45,60.9,5.33,14.35
820,Portland OR,US-OR-820,"PORTLAND, OR",28,3554454,16.0,69.54,2.65,6.42
821,Bend OR,US-OR-821,"BEND, OR",1,211535,9.89,84.44,0.54,1.48
825,San Diego CA,US-CA-825,SAN DIEGO,1,3298799,35.25,42.41,4.64,13.09
828,Monterey-Salinas CA,US-CA-828,MONTEREY-SALINAS,3,767816,53.57,36.12,1.7,5.42
839,Las Vegas NV,US-NV-839,LAS VEGAS,3,2459206,32.4,38.33,12.38,11.34
855,Santa Barbara-Santa Maria-San Luis Obispo CA,US-CA-855,SANTA BARBARA-SAN MAR-SAN LUIS OBISPO,2,726343,40.19,49.97,1.54,5.08
862,Sacramento-Stockton-Modesto CA,US-CA-862,SACRAMENTO-STOCKTON-MODESTO,16,4765962,30.67,42.42,6.48,14.62
866,Fresno-Visalia CA,US-CA-866,FRESNO-VISALIA,6,2141838,59.93,25.94,3.59,7.84
868,Chico-Redding CA,US-CA-868,CHICO-REDDING,6,506343,20.16,68.33,1.36,4.08
881,Spokane WA,US-WA-881,SPOKANE,24,1313193,11.06,79.89,1.38,2.03
